"Location";"Suicide Rates Low";"Suicide Rates Medium-Low";"Suicide Rates Medium-High";"Suicide Rates High";"BMI Low";"BMI Medium-Low";"BMI Medium-High";"BMI High";"UV Radiation Low";"UV Radiation Medium-Low";"UV Radiation Medium-High";"UV Radiation High";"Nurses working in mental health sector Low";"Nurses working in mental health sector Medium-Low";"Nurses working in mental health sector Medium-High";"Nurses working in mental health sector High";"Adolescent birth rate Low";"Adolescent birth rate Medium-Low";"Adolescent birth rate Medium-High";"Adolescent birth rate High";"Alcohol  - young age Low";"Alcohol  - young age Medium-Low";"Alcohol  - young age Medium-High";"Alcohol  - young age High";"Alcohol Low";"Alcohol Medium-Low";"Alcohol Medium-High";"Alcohol High";"Tobacco Low";"Tobacco Medium-Low";"Tobacco Medium-High";"Tobacco High";"Government expeditures on mental health Low";"Government expeditures on mental health Medium-Low";"Government expeditures on mental health Medium-High";"Government expeditures on mental health High";"Psychiatrists working in mental health sector Low";"Psychiatrists working in mental health sector Medium-Low";"Psychiatrists working in mental health sector Medium-High";"Psychiatrists working in mental health sector High";"Mental hospital admissions Low";"Mental hospital admissions Medium-Low";"Mental hospital admissions Medium-High";"Mental hospital admissions High";"Out of pocket health-expenditures Low";"Out of pocket health-expenditures Medium-Low";"Out of pocket health-expenditures Medium-High";"Out of pocket health-expenditures High";"Raised Blood Pressure Low";"Raised Blood Pressure Medium-Low";"Raised Blood Pressure Medium-High";"Raised Blood Pressure High";"Social workers working in mental health sector Low ";"Social workers working in mental health sector Medium-Low";"Social workers working in mental health sector Medium-High";"Social workers working in mental health sector High";"Women married at a young age Low";"Women married at a young age Medium-Low";"Women married at a young age Medium-High";"Women married at a young age High"
"Afghanistan";"false";"true";"false";"false";"true";"false";"false";"false";"false";"true";"false";"false";"true";"false";"false";"false";"false";"false";"true";"false";"false";"false";"false";"false";"true";"false";"false";"false";"false";"false";"false";"false";"false";"false";"false";"false";"false";"true";"false";"false";"false";"true";"false";"false";"false";"false";"false";"true";"false";"false";"true";"false";"false";"false";"false";"false";"false";"false";"true";"false"
"Albania";"true";"false";"false";"false";"false";"false";"true";"false";"true";"false";"false";"false";"false";"false";"true";"false";"false";"true";"false";"false";"false";"false";"false";"false";"false";"false";"true";"false";"false";"false";"false";"true";"false";"false";"false";"false";"false";"false";"true";"false";"false";"true";"false";"false";"false";"false";"true";"false";"false";"false";"false";"true";"false";"false";"true";"false";"true";"false";"false";"false"
"Algeria";"true";"false";"false";"false";"false";"true";"false";"false";"false";"true";"false";"false";"false";"false";"false";"false";"true";"false";"false";"false";"false";"false";"false";"false";"true";"false";"false";"false";"false";"true";"false";"false";"false";"false";"false";"true";"false";"false";"false";"false";"false";"false";"true";"false";"false";"false";"true";"false";"false";"true";"false";"false";"false";"false";"false";"false";"true";"false";"false";"false"
"Angola";"false";"false";"true";"false";"true";"false";"false";"false";"false";"false";"false";"true";"true";"false";"false";"false";"false";"false";"false";"false";"false";"false";"false";"false";"false";"false";"true";"false";"false";"false";"false";"false";"false";"false";"false";"false";"true";"false";"false";"false";"false";"false";"false";"false";"false";"false";"true";"false";"false";"false";"true";"false";"true";"false";"false";"false";"false";"false";"true";"false"
"Antigua and Barbuda";"true";"false";"false";"false";"false";"false";"true";"false";"false";"false";"true";"false";"false";"false";"true";"false";"false";"true";"false";"false";"false";"false";"false";"false";"false";"false";"true";"false";"false";"false";"false";"false";"false";"false";"false";"false";"false";"true";"false";"false";"false";"false";"false";"false";"false";"true";"false";"false";"false";"false";"true";"false";"false";"false";"false";"true";"false";"false";"false";"false"
"Argentina";"false";"true";"false";"false";"false";"false";"false";"true";"false";"true";"false";"false";"false";"false";"false";"false";"false";"false";"true";"false";"false";"false";"false";"false";"false";"false";"false";"true";"false";"true";"false";"false";"false";"false";"false";"false";"false";"false";"false";"true";"false";"false";"false";"false";"false";"true";"false";"false";"false";"true";"false";"false";"false";"false";"false";"false";"false";"false";"false";"false"
"Armenia";"true";"false";"false";"false";"false";"false";"true";"false";"false";"true";"false";"false";"false";"false";"true";"false";"false";"true";"false";"false";"false";"false";"false";"false";"false";"true";"false";"false";"false";"false";"false";"true";"false";"false";"true";"false";"false";"false";"true";"false";"false";"false";"false";"true";"false";"false";"false";"true";"false";"false";"false";"true";"false";"true";"false";"false";"true";"false";"false";"false"
"Australia";"false";"false";"true";"false";"false";"false";"false";"true";"false";"true";"false";"false";"false";"false";"false";"true";"true";"false";"false";"false";"false";"false";"false";"false";"false";"false";"false";"true";"false";"true";"false";"false";"false";"false";"false";"true";"false";"false";"false";"true";"false";"false";"true";"false";"false";"true";"false";"false";"true";"false";"false";"false";"false";"false";"false";"false";"false";"false";"false";"false"
"Austria";"false";"false";"true";"false";"false";"true";"false";"false";"true";"false";"false";"false";"false";"false";"false";"false";"true";"false";"false";"false";"false";"false";"false";"false";"false";"false";"false";"true";"false";"false";"true";"false";"false";"false";"false";"false";"false";"false";"false";"false";"false";"false";"false";"false";"false";"true";"false";"false";"false";"false";"false";"true";"false";"false";"false";"false";"false";"false";"false";"false"
"Azerbaijan";"true";"false";"false";"false";"false";"false";"true";"false";"true";"false";"false";"false";"false";"false";"true";"false";"false";"false";"true";"false";"false";"false";"false";"false";"false";"true";"false";"false";"false";"true";"false";"false";"false";"true";"false";"false";"false";"false";"true";"false";"false";"false";"false";"true";"false";"false";"false";"true";"false";"false";"true";"false";"false";"true";"false";"false";"false";"true";"false";"false"
"Bahamas";"true";"false";"false";"false";"false";"false";"false";"true";"false";"true";"false";"false";"false";"false";"false";"false";"false";"false";"false";"false";"false";"false";"false";"false";"false";"true";"false";"false";"true";"false";"false";"false";"false";"false";"false";"false";"false";"false";"false";"false";"false";"false";"false";"false";"false";"true";"false";"false";"true";"false";"false";"false";"false";"false";"false";"false";"false";"false";"false";"false"
"Bahrain";"false";"true";"false";"false";"false";"true";"false";"false";"false";"true";"false";"false";"false";"false";"false";"true";"false";"true";"false";"false";"false";"false";"false";"false";"true";"false";"false";"false";"false";"false";"false";"true";"false";"false";"false";"false";"false";"false";"true";"false";"false";"false";"true";"false";"false";"true";"false";"false";"true";"false";"false";"false";"false";"false";"false";"true";"false";"false";"false";"false"
"Bangladesh";"true";"false";"false";"false";"true";"false";"false";"false";"false";"true";"false";"false";"true";"false";"false";"false";"false";"false";"false";"true";"false";"false";"false";"false";"true";"false";"false";"false";"false";"false";"false";"true";"true";"false";"false";"false";"true";"false";"false";"false";"true";"false";"false";"false";"false";"false";"false";"true";"false";"true";"false";"false";"false";"false";"false";"false";"false";"false";"false";"true"
"Barbados";"true";"false";"false";"false";"false";"false";"false";"true";"false";"false";"false";"true";"false";"false";"false";"true";"false";"false";"false";"false";"false";"false";"false";"false";"false";"false";"false";"true";"true";"false";"false";"false";"false";"false";"false";"false";"false";"false";"false";"false";"false";"false";"false";"true";"false";"false";"false";"true";"false";"false";"false";"true";"false";"false";"false";"false";"true";"false";"false";"false"
"Belarus";"false";"false";"false";"true";"false";"false";"true";"false";"true";"false";"false";"false";"false";"false";"false";"false";"false";"true";"false";"false";"false";"false";"false";"false";"false";"false";"false";"true";"false";"false";"false";"true";"false";"false";"false";"false";"false";"false";"false";"true";"false";"false";"false";"false";"false";"false";"true";"false";"false";"false";"false";"true";"false";"false";"false";"false";"true";"false";"false";"false"
"Belgium";"false";"false";"false";"true";"false";"true";"false";"false";"true";"false";"false";"false";"false";"false";"false";"false";"true";"false";"false";"false";"false";"false";"false";"false";"false";"false";"false";"true";"false";"false";"true";"false";"false";"false";"false";"false";"false";"false";"false";"false";"false";"false";"false";"true";"false";"true";"false";"false";"false";"true";"false";"false";"false";"false";"false";"false";"false";"false";"false";"false"
"Belize";"false";"true";"false";"false";"false";"false";"false";"true";"false";"false";"true";"false";"false";"true";"false";"false";"false";"false";"true";"false";"false";"false";"false";"false";"false";"false";"true";"false";"false";"false";"false";"false";"false";"false";"false";"false";"false";"true";"false";"false";"false";"false";"false";"true";"false";"true";"false";"false";"true";"false";"false";"false";"false";"false";"false";"false";"false";"true";"false";"false"
"Benin";"false";"false";"false";"true";"true";"false";"false";"false";"false";"false";"true";"false";"false";"false";"false";"false";"false";"false";"false";"true";"false";"false";"false";"true";"false";"true";"false";"false";"true";"false";"false";"false";"false";"false";"false";"false";"false";"false";"false";"false";"false";"true";"false";"false";"false";"false";"true";"false";"false";"false";"true";"false";"false";"false";"false";"false";"false";"false";"true";"false"
"Bhutan";"true";"false";"false";"false";"false";"true";"false";"false";"false";"true";"false";"false";"true";"false";"false";"false";"false";"false";"false";"false";"false";"false";"true";"false";"true";"false";"false";"false";"false";"false";"false";"false";"false";"false";"false";"false";"false";"true";"false";"false";"false";"false";"false";"false";"false";"true";"false";"false";"false";"false";"true";"false";"false";"false";"false";"false";"false";"false";"true";"false"
"Bolivia (Plurinational State of)";"false";"true";"false";"false";"false";"false";"true";"false";"false";"false";"false";"true";"false";"false";"false";"false";"false";"false";"false";"true";"false";"false";"false";"false";"false";"true";"false";"false";"false";"false";"false";"false";"false";"false";"false";"false";"false";"true";"false";"false";"false";"false";"false";"false";"false";"true";"false";"false";"true";"false";"false";"false";"false";"false";"false";"false";"false";"true";"false";"false"
"Bosnia and Herzegovina";"false";"true";"false";"false";"false";"true";"false";"false";"true";"false";"false";"false";"false";"false";"false";"true";"true";"false";"false";"false";"false";"false";"false";"false";"false";"false";"true";"false";"false";"false";"false";"true";"false";"false";"false";"false";"false";"false";"false";"true";"false";"false";"false";"false";"false";"true";"false";"false";"false";"false";"false";"true";"false";"false";"true";"false";"true";"false";"false";"false"
"Botswana";"false";"false";"false";"true";"false";"true";"false";"false";"false";"false";"true";"false";"false";"false";"false";"false";"false";"false";"true";"false";"false";"false";"false";"false";"false";"false";"true";"false";"false";"false";"true";"false";"false";"false";"false";"false";"false";"false";"false";"false";"false";"false";"true";"false";"true";"false";"false";"false";"false";"false";"true";"false";"false";"false";"false";"false";"false";"false";"false";"false"
"Brazil";"false";"true";"false";"false";"false";"false";"true";"false";"false";"true";"false";"false";"false";"false";"false";"true";"false";"false";"true";"false";"false";"false";"false";"false";"false";"false";"true";"false";"false";"true";"false";"false";"false";"true";"false";"false";"false";"false";"true";"false";"false";"false";"false";"true";"false";"true";"false";"false";"false";"true";"false";"false";"false";"false";"false";"true";"false";"false";"false";"true"
"Brunei Darussalam";"true";"false";"false";"false";"false";"false";"false";"true";"false";"false";"true";"false";"false";"false";"false";"true";"true";"false";"false";"false";"false";"false";"false";"false";"true";"false";"false";"false";"false";"true";"false";"false";"false";"false";"false";"false";"false";"true";"false";"false";"true";"false";"false";"false";"true";"false";"false";"false";"true";"false";"false";"false";"false";"true";"false";"false";"false";"false";"false";"false"
"Bulgaria";"false";"true";"false";"false";"false";"false";"true";"false";"true";"false";"false";"false";"false";"false";"false";"true";"false";"false";"true";"false";"false";"false";"false";"false";"false";"false";"false";"true";"false";"false";"false";"true";"false";"true";"false";"false";"false";"false";"false";"true";"false";"false";"false";"false";"false";"false";"true";"false";"false";"false";"false";"true";"false";"false";"true";"false";"false";"false";"false";"false"
"Burkina Faso";"false";"false";"false";"true";"true";"false";"false";"false";"false";"false";"false";"true";"true";"false";"false";"false";"false";"false";"false";"true";"false";"false";"false";"false";"false";"false";"false";"true";"false";"true";"false";"false";"false";"false";"false";"false";"true";"false";"false";"false";"true";"false";"false";"false";"false";"false";"true";"false";"false";"false";"true";"false";"true";"false";"false";"false";"false";"false";"false";"true"
"Burundi";"false";"false";"true";"false";"true";"false";"false";"false";"false";"false";"true";"false";"true";"false";"false";"false";"false";"false";"true";"false";"false";"false";"false";"false";"false";"false";"true";"false";"true";"false";"false";"false";"true";"false";"false";"false";"true";"false";"false";"false";"true";"false";"false";"false";"false";"true";"false";"false";"false";"false";"true";"false";"true";"false";"false";"false";"false";"true";"false";"false"
"Cabo Verde";"false";"false";"false";"true";"false";"true";"false";"false";"false";"false";"false";"true";"false";"false";"false";"false";"false";"true";"false";"false";"false";"false";"false";"false";"false";"true";"false";"false";"false";"false";"false";"false";"false";"false";"false";"false";"false";"false";"false";"false";"false";"false";"false";"false";"false";"true";"false";"false";"false";"false";"false";"true";"false";"false";"false";"false";"false";"true";"false";"false"
"Cambodia";"false";"true";"false";"false";"true";"false";"false";"false";"false";"false";"true";"false";"true";"false";"false";"false";"false";"false";"false";"false";"false";"false";"false";"false";"false";"false";"true";"false";"false";"true";"false";"false";"false";"false";"false";"false";"false";"true";"false";"false";"true";"false";"false";"false";"false";"false";"false";"true";"false";"false";"true";"false";"false";"false";"false";"false";"false";"true";"false";"false"
"Cameroon";"false";"false";"false";"true";"false";"true";"false";"false";"false";"false";"false";"true";"false";"false";"false";"false";"false";"false";"false";"true";"false";"false";"false";"false";"false";"true";"false";"false";"true";"false";"false";"false";"true";"false";"false";"false";"false";"false";"false";"false";"false";"false";"false";"false";"false";"false";"false";"true";"true";"false";"false";"false";"false";"false";"false";"false";"false";"false";"false";"true"
"Canada";"false";"false";"true";"false";"false";"false";"true";"false";"true";"false";"false";"false";"false";"false";"false";"true";"true";"false";"false";"false";"false";"false";"false";"false";"false";"false";"true";"false";"false";"true";"false";"false";"false";"false";"false";"true";"false";"false";"false";"true";"false";"false";"false";"false";"true";"false";"false";"false";"true";"false";"false";"false";"false";"false";"false";"true";"false";"false";"false";"false"
"Central African Republic";"false";"false";"false";"true";"true";"false";"false";"false";"false";"false";"false";"true";"true";"false";"false";"false";"false";"false";"false";"false";"false";"false";"false";"false";"false";"true";"false";"false";"false";"false";"false";"false";"false";"false";"false";"false";"true";"false";"false";"false";"false";"false";"false";"false";"false";"false";"false";"true";"false";"false";"false";"true";"true";"false";"false";"false";"false";"false";"false";"true"
"Chad";"false";"false";"false";"true";"true";"false";"false";"false";"false";"false";"false";"true";"true";"false";"false";"false";"false";"false";"false";"false";"false";"false";"false";"false";"true";"false";"false";"false";"true";"false";"false";"false";"false";"false";"false";"false";"true";"false";"false";"false";"false";"false";"false";"false";"false";"false";"false";"true";"false";"false";"false";"true";"true";"false";"false";"false";"false";"false";"false";"true"
"Chile";"false";"false";"true";"false";"false";"false";"false";"true";"false";"true";"false";"false";"false";"true";"false";"false";"false";"false";"true";"false";"false";"false";"false";"false";"false";"false";"true";"false";"false";"false";"false";"true";"false";"true";"false";"false";"false";"false";"false";"true";"false";"true";"false";"false";"false";"false";"true";"false";"false";"true";"false";"false";"false";"false";"false";"false";"false";"false";"false";"false"
"China";"false";"true";"false";"false";"true";"false";"false";"false";"false";"true";"false";"false";"false";"false";"true";"false";"true";"false";"false";"false";"false";"false";"false";"false";"false";"false";"true";"false";"false";"false";"false";"true";"false";"false";"false";"false";"false";"false";"true";"false";"false";"false";"true";"false";"false";"false";"true";"false";"true";"false";"false";"false";"false";"false";"false";"false";"false";"false";"false";"false"
"Colombia";"true";"false";"false";"false";"false";"true";"false";"false";"false";"false";"false";"true";"true";"false";"false";"false";"false";"false";"true";"false";"false";"false";"false";"false";"false";"true";"false";"false";"true";"false";"false";"false";"false";"false";"false";"false";"false";"false";"true";"false";"false";"false";"true";"false";"true";"false";"false";"false";"true";"false";"false";"false";"false";"false";"false";"false";"false";"false";"true";"false"
"Comoros";"false";"true";"false";"false";"false";"true";"false";"false";"false";"false";"false";"true";"true";"false";"false";"false";"false";"false";"false";"false";"false";"false";"false";"false";"true";"false";"false";"false";"false";"true";"false";"false";"false";"false";"false";"false";"true";"false";"false";"false";"false";"false";"false";"false";"false";"false";"false";"true";"false";"false";"true";"false";"false";"false";"false";"false";"false";"false";"false";"true"
"Congo";"false";"false";"true";"false";"true";"false";"false";"false";"false";"false";"true";"false";"true";"false";"false";"false";"false";"false";"false";"false";"false";"false";"false";"false";"false";"false";"false";"true";"false";"true";"false";"false";"false";"false";"false";"false";"true";"false";"false";"false";"false";"false";"false";"false";"false";"false";"true";"false";"false";"true";"false";"false";"true";"false";"false";"false";"false";"false";"true";"false"
"Costa Rica";"false";"true";"false";"false";"false";"false";"false";"true";"false";"false";"true";"false";"false";"false";"true";"false";"false";"false";"true";"false";"false";"false";"false";"false";"false";"true";"false";"false";"true";"false";"false";"false";"false";"false";"true";"false";"false";"false";"true";"false";"false";"false";"false";"false";"false";"true";"false";"false";"true";"false";"false";"false";"false";"false";"false";"true";"false";"false";"true";"false"
"Croatia";"false";"false";"true";"false";"false";"false";"false";"true";"true";"false";"false";"false";"false";"false";"false";"true";"true";"false";"false";"false";"false";"false";"false";"false";"false";"false";"true";"false";"false";"false";"false";"true";"false";"false";"false";"false";"false";"false";"false";"true";"false";"false";"false";"true";"true";"false";"false";"false";"false";"false";"false";"true";"false";"false";"true";"false";"false";"false";"false";"false"
"Cuba";"false";"false";"true";"false";"false";"true";"false";"false";"false";"true";"false";"false";"false";"false";"true";"false";"false";"false";"true";"false";"false";"false";"false";"false";"false";"false";"true";"false";"false";"false";"true";"false";"false";"false";"false";"false";"false";"false";"false";"true";"false";"false";"false";"true";"true";"false";"false";"false";"false";"false";"true";"false";"false";"false";"true";"false";"false";"false";"true";"false"
"Cyprus";"true";"false";"false";"false";"false";"false";"true";"false";"false";"true";"false";"false";"false";"false";"false";"true";"true";"false";"false";"false";"false";"false";"false";"false";"false";"false";"false";"true";"false";"false";"false";"true";"false";"false";"true";"false";"false";"false";"false";"false";"false";"false";"true";"false";"false";"false";"false";"true";"false";"true";"false";"false";"true";"false";"false";"false";"false";"false";"false";"false"
"Czechia";"false";"false";"true";"false";"false";"false";"false";"true";"true";"false";"false";"false";"false";"false";"false";"true";"false";"true";"false";"false";"false";"false";"false";"false";"false";"false";"false";"true";"false";"false";"false";"true";"false";"false";"true";"false";"false";"false";"false";"true";"false";"false";"false";"true";"true";"false";"false";"false";"false";"false";"false";"true";"false";"false";"true";"false";"false";"false";"false";"false"
"CÃ´te dâ€™Ivoire";"false";"false";"false";"true";"true";"false";"false";"false";"false";"false";"true";"false";"true";"false";"false";"false";"false";"false";"false";"true";"false";"false";"false";"false";"false";"true";"false";"false";"false";"true";"false";"false";"false";"false";"false";"false";"true";"false";"false";"false";"false";"true";"false";"false";"false";"false";"true";"false";"false";"true";"false";"false";"false";"false";"false";"false";"false";"false";"true";"false"
"Democratic People's Republic of Korea";"false";"false";"true";"false";"false";"true";"false";"false";"true";"false";"false";"false";"false";"false";"false";"false";"true";"false";"false";"false";"false";"false";"false";"false";"false";"true";"false";"false";"false";"true";"false";"false";"false";"false";"false";"false";"false";"false";"false";"false";"false";"false";"false";"false";"false";"false";"false";"false";"false";"true";"false";"false";"false";"false";"false";"false";"false";"false";"false";"false"
"Democratic Republic of the Congo";"false";"false";"true";"false";"true";"false";"false";"false";"false";"false";"true";"false";"false";"false";"false";"false";"false";"false";"false";"true";"false";"false";"false";"false";"true";"false";"false";"false";"false";"false";"false";"false";"false";"false";"false";"false";"false";"false";"false";"false";"false";"false";"false";"false";"false";"false";"true";"false";"false";"true";"false";"false";"false";"false";"false";"false";"false";"false";"false";"true"
"Denmark";"false";"true";"false";"false";"false";"true";"false";"false";"true";"false";"false";"false";"false";"false";"false";"false";"true";"false";"false";"false";"false";"false";"false";"false";"false";"false";"false";"true";"false";"true";"false";"false";"false";"false";"false";"false";"false";"false";"false";"false";"false";"false";"false";"false";"true";"false";"false";"false";"false";"false";"true";"false";"false";"false";"false";"false";"false";"false";"false";"false"
"Djibouti";"false";"false";"true";"false";"false";"true";"false";"false";"false";"false";"false";"true";"false";"false";"false";"false";"false";"false";"false";"false";"false";"false";"false";"false";"true";"false";"false";"false";"false";"false";"false";"false";"false";"false";"false";"false";"false";"false";"false";"false";"true";"false";"false";"false";"false";"true";"false";"false";"false";"true";"false";"false";"false";"false";"false";"false";"false";"true";"false";"false"
"Dominican Republic";"false";"true";"false";"false";"false";"false";"true";"false";"false";"false";"true";"false";"false";"false";"false";"false";"false";"false";"true";"false";"false";"false";"false";"true";"false";"false";"true";"false";"true";"false";"false";"false";"true";"false";"false";"false";"false";"false";"true";"false";"false";"true";"false";"false";"false";"false";"true";"false";"true";"false";"false";"false";"false";"true";"false";"false";"false";"false";"false";"true"
"Ecuador";"false";"false";"true";"false";"false";"false";"false";"true";"false";"false";"true";"false";"true";"false";"false";"false";"false";"false";"false";"true";"false";"false";"false";"false";"false";"true";"false";"false";"false";"false";"false";"false";"true";"false";"false";"false";"false";"true";"false";"false";"true";"false";"false";"false";"false";"false";"true";"false";"true";"false";"false";"false";"true";"false";"false";"false";"false";"true";"false";"false"
"Egypt";"true";"false";"false";"false";"false";"false";"false";"true";"false";"true";"false";"false";"false";"false";"true";"false";"false";"false";"true";"false";"false";"false";"false";"false";"true";"false";"false";"false";"false";"false";"true";"false";"false";"true";"false";"false";"false";"false";"true";"false";"true";"false";"false";"false";"false";"false";"false";"true";"false";"false";"true";"false";"false";"true";"false";"false";"false";"true";"false";"false"
"El Salvador";"false";"true";"false";"false";"false";"false";"false";"true";"false";"false";"false";"true";"false";"false";"false";"false";"false";"false";"false";"true";"false";"false";"false";"false";"false";"true";"false";"false";"true";"false";"false";"false";"false";"false";"false";"false";"false";"true";"false";"false";"false";"true";"false";"false";"false";"true";"false";"false";"true";"false";"false";"false";"false";"true";"false";"false";"false";"false";"true";"false"
"Equatorial Guinea";"false";"false";"false";"true";"false";"true";"false";"false";"false";"false";"true";"false";"false";"false";"true";"false";"false";"false";"false";"false";"false";"false";"false";"false";"false";"false";"true";"false";"false";"false";"false";"false";"false";"false";"false";"false";"false";"true";"false";"false";"false";"false";"false";"false";"false";"false";"false";"true";"false";"false";"true";"false";"false";"true";"false";"false";"false";"false";"true";"false"
"Eritrea";"false";"false";"false";"true";"true";"false";"false";"false";"false";"false";"false";"true";"false";"true";"false";"false";"false";"false";"false";"false";"false";"false";"false";"false";"true";"false";"false";"false";"true";"false";"false";"false";"false";"true";"false";"false";"false";"false";"false";"false";"false";"false";"false";"true";"false";"false";"false";"true";"false";"false";"true";"false";"true";"false";"false";"false";"false";"false";"false";"true"
"Estonia";"false";"false";"false";"true";"false";"false";"true";"false";"true";"false";"false";"false";"false";"false";"false";"true";"false";"true";"false";"false";"false";"false";"false";"false";"false";"false";"true";"false";"false";"false";"true";"false";"false";"false";"false";"true";"false";"false";"false";"true";"false";"false";"false";"true";"false";"true";"false";"false";"false";"false";"false";"true";"false";"false";"true";"false";"false";"false";"false";"false"
"Eswatini";"false";"false";"false";"true";"false";"false";"true";"false";"false";"true";"false";"false";"false";"false";"true";"false";"false";"false";"false";"false";"false";"false";"false";"false";"false";"false";"false";"true";"true";"false";"false";"false";"false";"false";"false";"false";"true";"false";"false";"false";"false";"false";"true";"false";"true";"false";"false";"false";"false";"true";"false";"false";"false";"true";"false";"false";"true";"false";"false";"false"
"Ethiopia";"false";"false";"true";"false";"true";"false";"false";"false";"false";"false";"false";"true";"false";"true";"false";"false";"false";"false";"false";"false";"false";"false";"false";"false";"false";"true";"false";"false";"true";"false";"false";"false";"false";"false";"false";"false";"true";"false";"false";"false";"false";"false";"false";"false";"false";"false";"true";"false";"false";"false";"true";"false";"true";"false";"false";"false";"false";"false";"false";"true"
"Fiji";"false";"false";"true";"false";"false";"false";"false";"true";"false";"true";"false";"false";"false";"true";"false";"false";"false";"true";"false";"false";"false";"true";"false";"false";"false";"true";"false";"false";"false";"true";"false";"false";"false";"true";"false";"false";"true";"false";"false";"false";"false";"false";"false";"false";"false";"true";"false";"false";"false";"true";"false";"false";"false";"false";"true";"false";"false";"false";"false";"false"
"Finland";"false";"false";"false";"true";"false";"true";"false";"false";"true";"false";"false";"false";"false";"false";"false";"true";"true";"false";"false";"false";"false";"false";"false";"false";"false";"false";"false";"true";"false";"true";"false";"false";"false";"false";"true";"false";"false";"false";"false";"true";"false";"false";"true";"false";"false";"true";"false";"false";"false";"false";"true";"false";"false";"false";"false";"true";"false";"false";"false";"false"
"France";"false";"false";"true";"false";"false";"true";"false";"false";"true";"false";"false";"false";"false";"false";"false";"true";"true";"false";"false";"false";"false";"false";"false";"false";"false";"false";"false";"true";"false";"false";"false";"true";"false";"false";"false";"true";"false";"false";"false";"true";"false";"false";"false";"true";"true";"false";"false";"false";"false";"false";"false";"true";"false";"false";"false";"false";"false";"false";"false";"false"
"Gabon";"false";"false";"false";"true";"false";"true";"false";"false";"false";"false";"true";"false";"true";"false";"false";"false";"false";"false";"false";"false";"false";"false";"false";"false";"false";"false";"true";"false";"false";"false";"false";"false";"true";"false";"false";"false";"false";"true";"false";"false";"false";"false";"false";"false";"false";"true";"false";"false";"false";"true";"false";"false";"false";"true";"false";"false";"false";"false";"true";"false"
"Gambia";"false";"false";"true";"false";"false";"true";"false";"false";"false";"false";"false";"true";"true";"false";"false";"false";"false";"false";"true";"false";"false";"false";"false";"false";"false";"true";"false";"false";"false";"true";"false";"false";"false";"false";"false";"false";"true";"false";"false";"false";"false";"true";"false";"false";"false";"true";"false";"false";"false";"true";"false";"false";"false";"true";"false";"false";"false";"false";"true";"false"
"Georgia";"false";"true";"false";"false";"false";"false";"false";"true";"true";"false";"false";"false";"false";"false";"true";"false";"false";"false";"true";"false";"false";"false";"false";"false";"false";"false";"true";"false";"false";"false";"false";"true";"false";"true";"false";"false";"false";"false";"true";"false";"false";"false";"false";"false";"false";"false";"false";"true";"false";"false";"false";"true";"false";"false";"false";"false";"true";"false";"false";"false"
"Germany";"false";"true";"false";"false";"false";"false";"true";"false";"true";"false";"false";"false";"false";"false";"false";"false";"true";"false";"false";"false";"false";"false";"false";"false";"false";"false";"false";"true";"false";"false";"true";"false";"false";"false";"false";"true";"false";"false";"false";"true";"false";"false";"false";"true";"true";"false";"false";"false";"false";"false";"false";"true";"false";"false";"false";"false";"false";"false";"false";"false"
"Ghana";"false";"false";"true";"false";"false";"true";"false";"false";"false";"false";"true";"false";"false";"false";"true";"false";"false";"false";"false";"true";"false";"false";"false";"false";"false";"true";"false";"false";"true";"false";"false";"false";"false";"true";"false";"false";"true";"false";"false";"false";"false";"true";"false";"false";"false";"false";"true";"false";"true";"false";"false";"false";"false";"false";"false";"false";"false";"false";"true";"false"
"Greece";"true";"false";"false";"false";"false";"false";"false";"true";"true";"false";"false";"false";"false";"false";"true";"false";"true";"false";"false";"false";"false";"false";"false";"false";"false";"false";"false";"true";"false";"false";"false";"true";"false";"false";"true";"false";"false";"false";"true";"false";"false";"false";"true";"false";"false";"false";"true";"false";"false";"false";"false";"true";"false";"false";"false";"true";"false";"false";"false";"false"
"Grenada";"true";"false";"false";"false";"false";"false";"true";"false";"false";"false";"true";"false";"false";"true";"false";"false";"false";"false";"false";"false";"false";"false";"false";"false";"false";"false";"false";"true";"false";"false";"false";"false";"false";"false";"false";"false";"false";"false";"true";"false";"false";"false";"false";"true";"false";"false";"false";"true";"false";"true";"false";"false";"false";"false";"false";"true";"false";"false";"false";"false"
"Guatemala";"false";"true";"false";"false";"false";"false";"true";"false";"false";"false";"true";"false";"false";"true";"false";"false";"false";"false";"false";"true";"false";"true";"false";"false";"false";"true";"false";"false";"false";"false";"false";"false";"false";"true";"false";"false";"false";"true";"false";"false";"false";"true";"false";"false";"false";"false";"false";"true";"true";"false";"false";"false";"true";"false";"false";"false";"false";"false";"true";"false"
"Guinea";"false";"false";"true";"false";"true";"false";"false";"false";"false";"false";"false";"true";"false";"false";"false";"false";"false";"false";"false";"true";"false";"false";"false";"false";"true";"false";"false";"false";"false";"false";"false";"false";"false";"false";"false";"false";"true";"false";"false";"false";"false";"false";"false";"false";"false";"false";"false";"true";"false";"false";"true";"false";"true";"false";"false";"false";"false";"false";"false";"true"
"Guinea-Bissau";"false";"false";"true";"false";"true";"false";"false";"false";"false";"false";"false";"true";"true";"false";"false";"false";"false";"false";"false";"true";"false";"false";"false";"false";"false";"true";"false";"false";"false";"false";"false";"false";"false";"false";"false";"false";"false";"false";"false";"false";"false";"false";"false";"false";"false";"false";"false";"true";"false";"false";"false";"true";"false";"true";"false";"false";"false";"false";"true";"false"
"Guyana";"false";"false";"false";"true";"false";"false";"true";"false";"false";"false";"false";"true";"false";"false";"false";"false";"false";"false";"false";"false";"false";"false";"false";"false";"false";"false";"true";"false";"false";"true";"false";"false";"false";"true";"false";"false";"false";"true";"false";"false";"false";"false";"false";"false";"false";"false";"true";"false";"true";"false";"false";"false";"false";"false";"false";"false";"false";"true";"false";"false"
"Haiti";"false";"false";"true";"false";"false";"true";"false";"false";"false";"false";"true";"false";"true";"false";"false";"false";"false";"false";"true";"false";"false";"false";"false";"false";"false";"true";"false";"false";"true";"false";"false";"false";"true";"false";"false";"false";"true";"false";"false";"false";"false";"true";"false";"false";"false";"false";"true";"false";"false";"true";"false";"false";"false";"true";"false";"false";"false";"true";"false";"false"
"Honduras";"true";"false";"false";"false";"false";"false";"true";"false";"false";"false";"true";"false";"false";"false";"false";"false";"false";"false";"false";"false";"false";"false";"false";"false";"false";"true";"false";"false";"false";"false";"false";"false";"false";"true";"false";"false";"false";"false";"false";"false";"false";"false";"true";"false";"false";"false";"false";"true";"true";"false";"false";"false";"false";"false";"false";"false";"false";"false";"true";"false"
"Hungary";"false";"false";"false";"true";"false";"false";"false";"true";"true";"false";"false";"false";"false";"false";"false";"true";"false";"true";"false";"false";"false";"false";"false";"false";"false";"false";"false";"true";"false";"false";"false";"true";"false";"false";"false";"true";"false";"false";"false";"true";"true";"false";"false";"false";"false";"true";"false";"false";"false";"false";"false";"true";"false";"false";"false";"false";"false";"false";"false";"false"
"Iceland";"false";"false";"true";"false";"false";"false";"true";"false";"false";"false";"false";"false";"false";"false";"false";"false";"true";"false";"false";"false";"false";"false";"false";"false";"false";"false";"true";"false";"false";"true";"false";"false";"false";"false";"false";"true";"false";"false";"false";"false";"true";"false";"false";"false";"false";"true";"false";"false";"true";"false";"false";"false";"false";"false";"false";"false";"false";"false";"false";"false"
"India";"false";"false";"true";"false";"true";"false";"false";"false";"false";"true";"false";"false";"true";"false";"false";"false";"false";"true";"false";"false";"false";"false";"false";"false";"false";"true";"false";"false";"false";"false";"true";"false";"false";"false";"false";"false";"false";"true";"false";"false";"false";"false";"false";"false";"false";"false";"false";"true";"false";"false";"true";"false";"true";"false";"false";"false";"false";"false";"true";"false"
"Indonesia";"true";"false";"false";"false";"true";"false";"false";"false";"false";"false";"false";"true";"false";"true";"false";"false";"false";"false";"true";"false";"true";"false";"false";"false";"true";"false";"false";"false";"false";"false";"false";"true";"false";"false";"false";"false";"false";"true";"false";"false";"false";"false";"false";"true";"false";"false";"true";"false";"false";"false";"true";"false";"false";"false";"false";"false";"true";"false";"false";"false"
"Iran (Islamic Republic of)";"false";"true";"false";"false";"false";"true";"false";"false";"false";"true";"false";"false";"false";"false";"true";"false";"false";"false";"true";"false";"false";"false";"false";"false";"true";"false";"false";"false";"false";"true";"false";"false";"false";"false";"true";"false";"false";"false";"true";"false";"false";"false";"true";"false";"false";"false";"true";"false";"true";"false";"false";"false";"false";"false";"false";"true";"false";"true";"false";"false"
"Iraq";"true";"false";"false";"false";"false";"false";"false";"true";"false";"true";"false";"false";"false";"true";"false";"false";"false";"false";"false";"true";"false";"false";"false";"false";"true";"false";"false";"false";"false";"false";"true";"false";"false";"false";"false";"false";"false";"true";"false";"false";"true";"false";"false";"false";"false";"false";"false";"true";"true";"false";"false";"false";"false";"true";"false";"false";"false";"false";"true";"false"
"Ireland";"false";"false";"true";"false";"false";"false";"false";"true";"true";"false";"false";"false";"false";"false";"false";"false";"true";"false";"false";"false";"false";"false";"false";"false";"false";"false";"false";"true";"false";"false";"true";"false";"false";"false";"false";"false";"false";"false";"false";"false";"false";"false";"false";"false";"true";"false";"false";"false";"false";"true";"false";"false";"false";"false";"false";"false";"false";"false";"false";"false"
"Israel";"true";"false";"false";"false";"false";"false";"false";"true";"false";"true";"false";"false";"false";"false";"false";"false";"true";"false";"false";"false";"false";"false";"false";"false";"false";"true";"false";"false";"false";"false";"true";"false";"false";"false";"false";"false";"false";"false";"false";"true";"false";"false";"false";"true";"false";"true";"false";"false";"true";"false";"false";"false";"false";"false";"false";"false";"false";"false";"false";"false"
"Italy";"true";"false";"false";"false";"false";"true";"false";"false";"true";"false";"false";"false";"false";"false";"false";"true";"true";"false";"false";"false";"false";"false";"false";"false";"false";"false";"true";"false";"false";"false";"true";"false";"false";"false";"true";"false";"false";"false";"true";"false";"true";"false";"false";"false";"false";"true";"false";"false";"false";"false";"false";"true";"false";"false";"false";"true";"false";"false";"false";"false"
"Jamaica";"true";"false";"false";"false";"false";"false";"false";"true";"false";"false";"true";"false";"false";"false";"true";"false";"false";"false";"true";"false";"false";"false";"false";"true";"false";"true";"false";"false";"true";"false";"false";"false";"false";"false";"false";"true";"false";"true";"false";"false";"false";"false";"true";"false";"false";"true";"false";"false";"false";"true";"false";"false";"false";"true";"false";"false";"true";"false";"false";"false"
"Japan";"false";"false";"false";"true";"true";"false";"false";"false";"true";"false";"false";"false";"false";"false";"false";"true";"true";"false";"false";"false";"false";"false";"false";"false";"false";"false";"true";"false";"false";"true";"false";"false";"false";"false";"true";"false";"false";"false";"false";"true";"false";"false";"false";"true";"true";"false";"false";"false";"false";"false";"true";"false";"false";"false";"false";"true";"false";"false";"false";"false"
"Jordan";"true";"false";"false";"false";"false";"false";"false";"true";"false";"true";"false";"false";"false";"true";"false";"false";"false";"true";"false";"false";"false";"false";"false";"false";"true";"false";"false";"false";"false";"false";"false";"false";"false";"false";"false";"false";"false";"true";"false";"false";"false";"false";"true";"false";"false";"false";"true";"false";"true";"false";"false";"false";"false";"true";"false";"false";"true";"false";"false";"false"
"Kazakhstan";"false";"false";"false";"true";"false";"false";"true";"false";"true";"false";"false";"false";"false";"false";"false";"false";"false";"true";"false";"false";"false";"false";"false";"false";"false";"true";"false";"false";"false";"true";"false";"false";"false";"false";"false";"false";"false";"false";"false";"false";"false";"false";"false";"false";"false";"false";"true";"false";"false";"false";"false";"true";"false";"false";"false";"false";"true";"false";"false";"false"
"Kenya";"false";"false";"true";"false";"true";"false";"false";"false";"false";"false";"false";"true";"false";"false";"false";"false";"false";"false";"false";"false";"false";"false";"false";"false";"false";"true";"false";"false";"true";"false";"false";"false";"false";"false";"false";"false";"true";"false";"false";"false";"false";"false";"false";"false";"false";"true";"false";"false";"false";"true";"false";"false";"false";"false";"false";"false";"false";"true";"false";"false"
"Kiribati";"false";"false";"false";"true";"false";"false";"false";"true";"false";"false";"false";"true";"false";"true";"false";"false";"false";"false";"true";"false";"false";"false";"false";"false";"true";"false";"false";"false";"false";"false";"false";"true";"false";"false";"false";"false";"false";"false";"false";"false";"false";"false";"false";"false";"true";"false";"false";"false";"true";"false";"false";"false";"false";"false";"true";"false";"false";"true";"false";"false"
"Kuwait";"true";"false";"false";"false";"false";"false";"false";"true";"false";"true";"false";"false";"false";"false";"false";"false";"true";"false";"false";"false";"false";"false";"false";"false";"true";"false";"false";"false";"false";"false";"true";"false";"false";"false";"false";"false";"false";"false";"false";"false";"false";"false";"true";"false";"true";"false";"false";"false";"true";"false";"false";"false";"false";"false";"false";"false";"false";"false";"false";"false"
"Kyrgyzstan";"false";"false";"true";"false";"false";"false";"true";"false";"false";"true";"false";"false";"false";"false";"true";"false";"false";"false";"true";"false";"false";"false";"false";"false";"false";"false";"true";"false";"false";"false";"true";"false";"false";"false";"true";"false";"false";"false";"true";"false";"false";"false";"false";"true";"false";"false";"false";"true";"false";"false";"true";"false";"false";"false";"false";"false";"true";"false";"false";"false"
"Lao People's Democratic Republic";"false";"true";"false";"false";"true";"false";"false";"false";"false";"false";"true";"false";"false";"false";"false";"false";"false";"false";"false";"true";"false";"false";"true";"false";"false";"false";"false";"true";"false";"false";"false";"true";"false";"false";"false";"false";"false";"false";"false";"false";"true";"false";"false";"false";"false";"false";"false";"true";"false";"true";"false";"false";"false";"false";"false";"false";"false";"false";"true";"false"
"Latvia";"false";"false";"false";"true";"false";"false";"true";"false";"true";"false";"false";"false";"false";"false";"false";"true";"false";"true";"false";"false";"false";"false";"false";"false";"false";"false";"false";"true";"false";"false";"false";"true";"false";"false";"false";"true";"false";"false";"false";"true";"false";"false";"false";"true";"false";"false";"true";"false";"false";"false";"false";"true";"false";"false";"false";"false";"false";"false";"false";"false"
"Lebanon";"true";"false";"false";"false";"false";"false";"false";"true";"false";"true";"false";"false";"false";"true";"false";"false";"false";"false";"false";"false";"false";"true";"false";"false";"true";"false";"false";"false";"false";"false";"false";"true";"false";"false";"true";"false";"false";"true";"false";"false";"false";"true";"false";"false";"false";"false";"true";"false";"true";"false";"false";"false";"false";"false";"true";"false";"true";"false";"false";"false"
"Lesotho";"false";"false";"false";"true";"false";"true";"false";"false";"false";"true";"false";"false";"false";"false";"false";"false";"false";"false";"false";"true";"false";"false";"false";"false";"false";"true";"false";"false";"false";"false";"false";"true";"false";"true";"false";"false";"false";"false";"false";"false";"false";"false";"false";"false";"true";"false";"false";"false";"false";"true";"false";"false";"false";"false";"false";"false";"true";"false";"false";"false"
"Liberia";"false";"true";"false";"false";"false";"true";"false";"false";"false";"false";"true";"false";"false";"false";"true";"false";"false";"false";"false";"true";"false";"true";"false";"false";"false";"false";"true";"false";"true";"false";"false";"false";"false";"false";"false";"false";"true";"false";"false";"false";"false";"true";"false";"false";"false";"false";"false";"true";"false";"false";"true";"false";"false";"false";"true";"false";"false";"false";"true";"false"
"Libya";"true";"false";"false";"false";"false";"false";"false";"true";"false";"true";"false";"false";"false";"false";"false";"false";"false";"false";"false";"false";"false";"false";"false";"false";"true";"false";"false";"false";"false";"false";"false";"false";"false";"false";"false";"false";"false";"false";"false";"false";"false";"false";"true";"false";"false";"false";"false";"false";"true";"false";"false";"false";"false";"false";"false";"false";"false";"false";"false";"false"
"Lithuania";"false";"false";"false";"true";"false";"false";"true";"false";"true";"false";"false";"false";"false";"false";"false";"true";"false";"true";"false";"false";"false";"false";"false";"false";"false";"false";"false";"true";"false";"false";"true";"false";"false";"false";"false";"false";"false";"false";"false";"true";"false";"false";"false";"true";"false";"false";"true";"false";"false";"false";"false";"true";"false";"false";"false";"false";"false";"false";"false";"false"
"Luxembourg";"false";"true";"false";"false";"false";"false";"true";"false";"true";"false";"false";"false";"false";"false";"false";"false";"true";"false";"false";"false";"false";"false";"false";"false";"false";"false";"false";"true";"false";"true";"false";"false";"false";"false";"false";"false";"false";"false";"false";"true";"false";"false";"false";"false";"true";"false";"false";"false";"false";"false";"true";"false";"false";"false";"false";"false";"false";"false";"false";"false"
"Madagascar";"false";"false";"true";"false";"true";"false";"false";"false";"false";"false";"true";"false";"true";"false";"false";"false";"false";"false";"false";"true";"false";"false";"false";"false";"true";"false";"false";"false";"false";"false";"false";"true";"false";"false";"false";"false";"true";"false";"false";"false";"false";"true";"false";"false";"false";"true";"false";"false";"false";"false";"true";"false";"true";"false";"false";"false";"false";"false";"false";"true"
"Malawi";"false";"false";"true";"false";"true";"false";"false";"false";"false";"false";"true";"false";"false";"false";"false";"false";"false";"false";"false";"true";"false";"false";"false";"false";"false";"true";"false";"false";"true";"false";"false";"false";"true";"false";"false";"false";"false";"false";"false";"false";"false";"false";"false";"false";"true";"false";"false";"false";"false";"false";"true";"false";"false";"false";"false";"false";"false";"false";"true";"false"
"Malaysia";"false";"true";"false";"false";"false";"true";"false";"false";"false";"false";"false";"true";"false";"false";"true";"false";"true";"false";"false";"false";"false";"false";"false";"false";"true";"false";"false";"false";"false";"false";"true";"false";"true";"false";"false";"false";"false";"true";"false";"false";"false";"false";"false";"false";"false";"false";"true";"false";"true";"false";"false";"false";"false";"false";"false";"false";"false";"false";"false";"false"
"Maldives";"true";"false";"false";"false";"false";"true";"false";"false";"false";"false";"false";"true";"false";"false";"false";"false";"true";"false";"false";"false";"false";"false";"false";"false";"true";"false";"false";"false";"false";"false";"false";"false";"false";"false";"false";"false";"false";"false";"true";"false";"true";"false";"false";"false";"false";"true";"false";"false";"true";"false";"false";"false";"false";"false";"true";"false";"true";"false";"false";"false"
"Mali";"false";"true";"false";"false";"true";"false";"false";"false";"false";"false";"false";"true";"true";"false";"false";"false";"false";"false";"false";"true";"false";"false";"false";"false";"true";"false";"false";"false";"true";"false";"false";"false";"false";"false";"false";"false";"true";"false";"false";"false";"false";"false";"false";"false";"false";"false";"true";"false";"false";"false";"false";"true";"false";"false";"false";"false";"false";"false";"false";"true"
"Malta";"false";"true";"false";"false";"false";"false";"false";"true";"false";"true";"false";"false";"false";"false";"false";"false";"false";"true";"false";"false";"false";"false";"false";"false";"false";"false";"true";"false";"false";"false";"true";"false";"false";"false";"false";"true";"false";"false";"false";"false";"false";"false";"false";"false";"false";"false";"true";"false";"false";"true";"false";"false";"false";"false";"false";"false";"false";"false";"false";"false"
"Mauritania";"true";"false";"false";"false";"false";"true";"false";"false";"false";"false";"false";"true";"false";"false";"false";"false";"false";"false";"false";"false";"false";"false";"false";"false";"true";"false";"false";"false";"false";"false";"false";"false";"false";"false";"false";"false";"false";"false";"false";"false";"false";"false";"false";"false";"false";"false";"false";"true";"false";"false";"false";"true";"false";"false";"false";"false";"false";"false";"false";"true"
"Mauritius";"false";"true";"false";"false";"false";"true";"false";"false";"false";"false";"true";"false";"false";"false";"false";"false";"false";"true";"false";"false";"false";"false";"true";"false";"false";"true";"false";"false";"false";"false";"true";"false";"false";"false";"false";"false";"false";"false";"true";"false";"false";"false";"false";"false";"false";"false";"false";"true";"false";"false";"false";"true";"false";"false";"false";"true";"false";"false";"false";"false"
"Mexico";"false";"true";"false";"false";"false";"false";"false";"true";"false";"false";"true";"false";"false";"true";"false";"false";"false";"false";"true";"false";"false";"false";"false";"false";"false";"true";"false";"false";"true";"false";"false";"false";"true";"false";"false";"false";"true";"false";"false";"false";"false";"false";"false";"false";"false";"false";"true";"false";"true";"false";"false";"false";"false";"false";"true";"false";"false";"true";"false";"false"
"Micronesia (Federated States of)";"false";"false";"false";"true";"false";"false";"false";"true";"false";"false";"true";"false";"false";"false";"false";"false";"false";"false";"false";"false";"false";"false";"false";"false";"false";"true";"false";"false";"false";"false";"false";"false";"false";"false";"false";"false";"false";"false";"false";"false";"true";"false";"false";"false";"true";"false";"false";"false";"false";"true";"false";"false";"false";"false";"false";"false";"false";"false";"false";"false"
"Mongolia";"false";"false";"false";"true";"false";"true";"false";"false";"true";"false";"false";"false";"false";"true";"false";"false";"false";"true";"false";"false";"false";"false";"false";"false";"false";"false";"true";"false";"false";"false";"true";"false";"false";"true";"false";"false";"false";"false";"true";"false";"false";"false";"false";"false";"false";"false";"true";"false";"false";"false";"true";"false";"false";"true";"false";"false";"true";"false";"false";"false"
"Montenegro";"false";"false";"false";"true";"false";"false";"true";"false";"false";"false";"false";"false";"false";"false";"false";"true";"true";"false";"false";"false";"false";"false";"false";"false";"false";"false";"false";"true";"false";"false";"false";"false";"false";"false";"false";"false";"false";"false";"false";"true";"false";"false";"false";"false";"false";"false";"false";"false";"false";"false";"false";"true";"false";"false";"true";"false";"true";"false";"false";"false"
"Morocco";"false";"true";"false";"false";"false";"true";"false";"false";"false";"true";"false";"false";"false";"true";"false";"false";"false";"true";"false";"false";"false";"false";"false";"false";"true";"false";"false";"false";"false";"true";"false";"false";"false";"false";"false";"false";"false";"true";"false";"false";"false";"true";"false";"false";"false";"false";"false";"true";"false";"false";"true";"false";"false";"false";"true";"false";"false";"true";"false";"false"
"Mozambique";"false";"false";"false";"true";"true";"false";"false";"false";"false";"false";"true";"false";"false";"false";"false";"false";"false";"false";"false";"true";"true";"false";"false";"false";"true";"false";"false";"false";"false";"true";"false";"false";"true";"false";"false";"false";"true";"false";"false";"false";"false";"false";"false";"false";"true";"false";"false";"false";"false";"false";"true";"false";"true";"false";"false";"false";"false";"false";"false";"true"
"Myanmar";"true";"false";"false";"false";"true";"false";"false";"false";"false";"false";"true";"false";"true";"false";"false";"false";"false";"true";"false";"false";"true";"false";"false";"false";"false";"true";"false";"false";"false";"false";"false";"true";"false";"false";"false";"false";"false";"true";"false";"false";"false";"true";"false";"false";"false";"false";"false";"true";"false";"false";"true";"false";"true";"false";"false";"false";"false";"true";"false";"false"
"Namibia";"false";"false";"false";"true";"false";"true";"false";"false";"false";"false";"false";"true";"false";"true";"false";"false";"false";"false";"true";"false";"false";"false";"false";"false";"false";"true";"false";"false";"false";"true";"false";"false";"false";"false";"false";"false";"false";"true";"false";"false";"true";"false";"false";"false";"true";"false";"false";"false";"false";"false";"true";"false";"false";"true";"false";"false";"false";"true";"false";"false"
"Nepal";"false";"false";"true";"false";"true";"false";"false";"false";"false";"true";"false";"false";"true";"false";"false";"false";"false";"false";"false";"true";"true";"false";"false";"false";"true";"false";"false";"false";"false";"false";"false";"true";"true";"false";"false";"false";"false";"true";"false";"false";"true";"false";"false";"false";"false";"false";"false";"true";"false";"false";"false";"true";"false";"false";"false";"false";"false";"false";"true";"false"
"Netherlands";"false";"false";"true";"false";"false";"true";"false";"false";"true";"false";"false";"false";"false";"false";"false";"false";"true";"false";"false";"false";"false";"false";"false";"false";"false";"false";"false";"true";"false";"false";"true";"false";"false";"false";"false";"true";"false";"false";"false";"true";"false";"false";"false";"false";"true";"false";"false";"false";"false";"false";"true";"false";"false";"false";"false";"false";"false";"false";"false";"false"
"New Zealand";"false";"false";"true";"false";"false";"false";"false";"true";"true";"false";"false";"false";"false";"false";"false";"true";"false";"true";"false";"false";"false";"false";"false";"false";"false";"false";"false";"true";"false";"true";"false";"false";"false";"false";"false";"true";"false";"false";"false";"true";"false";"false";"false";"false";"true";"false";"false";"false";"true";"false";"false";"false";"false";"false";"false";"false";"false";"false";"false";"false"
"Nicaragua";"true";"false";"false";"false";"false";"false";"false";"true";"false";"false";"true";"false";"false";"false";"false";"false";"false";"false";"false";"true";"false";"false";"false";"false";"false";"true";"false";"false";"false";"false";"false";"false";"true";"false";"false";"false";"false";"true";"false";"false";"false";"false";"false";"false";"false";"false";"true";"false";"true";"false";"false";"false";"false";"false";"false";"true";"false";"false";"false";"true"
"Niger";"false";"false";"true";"false";"true";"false";"false";"false";"false";"false";"false";"true";"true";"false";"false";"false";"false";"false";"false";"true";"false";"false";"false";"false";"true";"false";"false";"false";"true";"false";"false";"false";"false";"false";"false";"false";"true";"false";"false";"false";"false";"false";"false";"false";"false";"false";"false";"true";"false";"false";"false";"true";"true";"false";"false";"false";"false";"false";"false";"true"
"Nigeria";"false";"true";"false";"false";"true";"false";"false";"false";"false";"false";"false";"true";"false";"false";"false";"false";"false";"false";"false";"true";"false";"false";"false";"false";"false";"false";"false";"true";"true";"false";"false";"false";"false";"false";"false";"false";"false";"false";"false";"false";"false";"true";"false";"false";"false";"false";"false";"true";"true";"false";"false";"false";"false";"false";"false";"false";"false";"false";"false";"true"
"Norway";"false";"false";"true";"false";"false";"false";"true";"false";"true";"false";"false";"false";"false";"false";"false";"false";"true";"false";"false";"false";"false";"false";"false";"false";"false";"false";"true";"false";"true";"false";"false";"false";"false";"false";"false";"false";"false";"false";"false";"true";"true";"false";"false";"false";"true";"false";"false";"false";"false";"false";"true";"false";"false";"false";"false";"false";"false";"false";"false";"false"
"Oman";"true";"false";"false";"false";"false";"false";"true";"false";"false";"false";"true";"false";"false";"true";"false";"false";"false";"true";"false";"false";"false";"false";"false";"false";"true";"false";"false";"false";"false";"true";"false";"false";"false";"false";"false";"false";"false";"false";"true";"false";"false";"false";"true";"false";"true";"false";"false";"false";"true";"false";"false";"false";"false";"false";"false";"false";"false";"false";"false";"false"
"Pakistan";"false";"false";"true";"false";"false";"true";"false";"false";"false";"true";"false";"false";"false";"false";"false";"false";"false";"false";"true";"false";"false";"false";"false";"false";"true";"false";"false";"false";"false";"true";"false";"false";"false";"false";"false";"false";"false";"false";"false";"false";"false";"true";"false";"false";"false";"false";"false";"true";"false";"false";"true";"false";"false";"false";"false";"false";"false";"true";"false";"false"
"Panama";"true";"false";"false";"false";"false";"false";"true";"false";"false";"false";"true";"false";"false";"true";"false";"false";"false";"false";"false";"true";"false";"false";"false";"false";"false";"false";"true";"false";"true";"false";"false";"false";"false";"false";"false";"false";"false";"false";"true";"false";"false";"true";"false";"false";"false";"true";"false";"false";"true";"false";"false";"false";"false";"false";"false";"true";"false";"false";"true";"false"
"Papua New Guinea";"true";"false";"false";"false";"false";"true";"false";"false";"false";"false";"false";"true";"false";"false";"false";"false";"false";"false";"false";"true";"false";"false";"false";"false";"true";"false";"false";"false";"false";"false";"false";"false";"true";"false";"false";"false";"false";"false";"false";"false";"true";"false";"false";"false";"true";"false";"false";"false";"false";"true";"false";"false";"false";"false";"false";"false";"false";"true";"false";"false"
"Paraguay";"false";"true";"false";"false";"false";"false";"true";"false";"false";"true";"false";"false";"false";"false";"false";"false";"false";"false";"false";"true";"false";"false";"true";"false";"false";"false";"true";"false";"true";"false";"false";"false";"true";"false";"false";"false";"false";"false";"false";"false";"true";"false";"false";"false";"false";"false";"true";"false";"true";"false";"false";"false";"false";"false";"false";"false";"false";"true";"false";"false"
"Peru";"true";"false";"false";"false";"false";"false";"true";"false";"false";"false";"false";"true";"false";"false";"true";"false";"false";"false";"true";"false";"false";"false";"false";"false";"false";"false";"true";"false";"true";"false";"false";"false";"true";"false";"false";"false";"false";"false";"true";"false";"false";"true";"false";"false";"false";"true";"false";"false";"true";"false";"false";"false";"false";"false";"false";"false";"false";"true";"false";"false"
"Philippines";"true";"false";"false";"false";"true";"false";"false";"false";"false";"false";"true";"false";"false";"false";"false";"false";"false";"false";"true";"false";"false";"false";"true";"false";"false";"false";"true";"false";"false";"false";"true";"false";"false";"false";"false";"false";"false";"true";"false";"false";"false";"true";"false";"false";"false";"false";"false";"true";"true";"false";"false";"false";"false";"false";"false";"false";"false";"true";"false";"false"
"Poland";"false";"false";"true";"false";"false";"false";"true";"false";"true";"false";"false";"false";"false";"false";"false";"true";"false";"true";"false";"false";"false";"false";"false";"false";"false";"false";"false";"true";"false";"false";"false";"true";"false";"false";"false";"true";"false";"false";"false";"true";"false";"false";"false";"true";"false";"true";"false";"false";"false";"false";"false";"true";"false";"false";"false";"false";"false";"false";"false";"false"
"Portugal";"false";"true";"false";"false";"false";"true";"false";"false";"true";"false";"false";"false";"false";"false";"false";"false";"true";"false";"false";"false";"false";"false";"false";"false";"false";"false";"false";"true";"false";"false";"true";"false";"false";"false";"false";"true";"false";"false";"false";"false";"false";"false";"false";"false";"false";"true";"false";"false";"false";"false";"false";"true";"false";"false";"false";"false";"false";"false";"false";"false"
"Qatar";"true";"false";"false";"false";"false";"false";"false";"true";"false";"false";"true";"false";"false";"false";"true";"false";"true";"false";"false";"false";"false";"false";"false";"false";"true";"false";"false";"false";"false";"false";"true";"false";"false";"false";"false";"false";"false";"false";"true";"false";"false";"false";"true";"false";"true";"false";"false";"false";"true";"false";"false";"false";"false";"true";"false";"false";"true";"false";"false";"false"
"Republic of Korea";"false";"false";"false";"true";"true";"false";"false";"false";"true";"false";"false";"false";"false";"false";"true";"false";"true";"false";"false";"false";"false";"false";"false";"false";"false";"false";"false";"true";"false";"false";"true";"false";"false";"false";"false";"false";"false";"false";"true";"false";"false";"false";"false";"false";"false";"false";"true";"false";"true";"false";"false";"false";"false";"false";"false";"true";"false";"false";"false";"false"
"Republic of Moldova";"false";"false";"false";"true";"false";"false";"true";"false";"true";"false";"false";"false";"false";"false";"true";"false";"false";"true";"false";"false";"false";"false";"false";"false";"false";"false";"false";"true";"false";"false";"true";"false";"false";"false";"true";"false";"false";"false";"true";"false";"false";"false";"false";"true";"false";"false";"false";"true";"false";"false";"false";"true";"false";"false";"true";"false";"true";"false";"false";"false"
"Romania";"false";"true";"false";"false";"false";"false";"true";"false";"true";"false";"false";"false";"false";"false";"false";"true";"false";"false";"true";"false";"false";"false";"false";"false";"false";"false";"false";"true";"false";"false";"true";"false";"false";"false";"false";"false";"false";"false";"true";"false";"true";"false";"false";"false";"false";"true";"false";"false";"false";"false";"false";"true";"false";"false";"true";"false";"false";"false";"false";"false"
"Russian Federation";"false";"false";"false";"true";"false";"false";"true";"false";"true";"false";"false";"false";"false";"false";"false";"false";"false";"true";"false";"false";"false";"false";"false";"false";"false";"false";"false";"true";"false";"false";"false";"true";"false";"false";"false";"false";"false";"false";"false";"true";"false";"false";"false";"true";"false";"false";"true";"false";"false";"false";"false";"true";"false";"false";"false";"true";"false";"false";"false";"false"
"Rwanda";"false";"false";"true";"false";"true";"false";"false";"false";"false";"false";"true";"false";"false";"true";"false";"false";"false";"false";"true";"false";"false";"false";"false";"false";"false";"false";"true";"false";"true";"false";"false";"false";"false";"false";"false";"false";"true";"false";"false";"false";"false";"true";"false";"false";"true";"false";"false";"false";"false";"true";"false";"false";"false";"true";"false";"false";"true";"false";"false";"false"
"Saint Lucia";"false";"true";"false";"false";"false";"false";"false";"true";"false";"false";"true";"false";"false";"false";"false";"true";"false";"true";"false";"false";"false";"false";"false";"false";"false";"false";"false";"true";"false";"false";"false";"false";"false";"false";"true";"false";"false";"true";"false";"false";"false";"false";"false";"true";"false";"false";"false";"true";"false";"false";"false";"true";"false";"false";"true";"false";"true";"false";"false";"false"
"Saint Vincent and the Grenadines";"true";"false";"false";"false";"false";"false";"false";"true";"false";"false";"false";"true";"false";"false";"true";"false";"false";"false";"true";"false";"false";"false";"false";"false";"false";"false";"true";"false";"false";"false";"false";"false";"false";"false";"false";"true";"false";"false";"false";"false";"false";"false";"false";"false";"false";"false";"true";"false";"false";"true";"false";"false";"false";"false";"false";"true";"false";"false";"false";"false"
"Samoa";"false";"false";"false";"true";"false";"false";"false";"true";"false";"false";"true";"false";"false";"true";"false";"false";"false";"false";"false";"false";"false";"false";"false";"false";"false";"true";"false";"false";"false";"false";"false";"true";"false";"false";"false";"false";"false";"false";"true";"false";"false";"true";"false";"false";"true";"false";"false";"false";"false";"true";"false";"false";"false";"false";"false";"true";"true";"false";"false";"false"
"Sao Tome and Principe";"true";"false";"false";"false";"false";"true";"false";"false";"false";"true";"false";"false";"false";"false";"true";"false";"false";"false";"false";"true";"false";"false";"false";"false";"false";"false";"true";"false";"true";"false";"false";"false";"false";"false";"false";"false";"false";"true";"false";"false";"true";"false";"false";"false";"true";"false";"false";"false";"true";"false";"false";"false";"false";"false";"true";"false";"false";"false";"true";"false"
"Saudi Arabia";"false";"true";"false";"false";"false";"false";"false";"true";"false";"false";"false";"true";"false";"false";"true";"false";"false";"false";"false";"false";"false";"false";"false";"false";"true";"false";"false";"false";"false";"true";"false";"false";"false";"false";"true";"false";"false";"true";"false";"false";"false";"false";"false";"false";"true";"false";"false";"false";"true";"false";"false";"false";"false";"false";"false";"true";"false";"false";"false";"false"
"Senegal";"false";"false";"true";"false";"true";"false";"false";"false";"false";"false";"false";"true";"true";"false";"false";"false";"false";"false";"false";"true";"false";"false";"false";"false";"true";"false";"false";"false";"true";"false";"false";"false";"false";"false";"false";"false";"true";"false";"false";"false";"false";"false";"true";"false";"false";"false";"false";"true";"false";"false";"true";"false";"true";"false";"false";"false";"false";"false";"true";"false"
"Serbia";"false";"true";"false";"false";"false";"true";"false";"false";"false";"false";"false";"false";"false";"false";"true";"false";"false";"true";"false";"false";"false";"false";"false";"false";"false";"false";"true";"false";"false";"false";"false";"true";"false";"false";"false";"false";"false";"false";"false";"true";"false";"false";"true";"false";"false";"false";"true";"false";"false";"false";"false";"true";"false";"true";"false";"false";"true";"false";"false";"false"
"Seychelles";"false";"true";"false";"false";"false";"false";"true";"false";"false";"false";"false";"true";"false";"false";"true";"false";"false";"false";"true";"false";"false";"false";"false";"true";"false";"false";"false";"true";"false";"true";"false";"false";"false";"false";"false";"false";"false";"false";"true";"false";"true";"false";"false";"false";"false";"true";"false";"false";"false";"false";"true";"false";"false";"false";"false";"false";"false";"false";"false";"false"
"Sierra Leone";"false";"false";"true";"false";"true";"false";"false";"false";"false";"false";"true";"false";"true";"false";"false";"false";"false";"false";"false";"true";"true";"false";"false";"false";"false";"true";"false";"false";"false";"false";"true";"false";"false";"false";"false";"false";"true";"false";"false";"false";"false";"true";"false";"false";"false";"false";"true";"false";"false";"false";"true";"false";"true";"false";"false";"false";"false";"false";"false";"true"
"Singapore";"false";"true";"false";"false";"true";"false";"false";"false";"false";"true";"false";"false";"false";"false";"false";"false";"true";"false";"false";"false";"false";"false";"false";"false";"true";"false";"false";"false";"false";"true";"false";"false";"false";"false";"true";"false";"false";"false";"true";"false";"false";"false";"false";"true";"false";"false";"true";"false";"true";"false";"false";"false";"false";"false";"false";"false";"false";"false";"false";"false"
"Slovakia";"false";"false";"true";"false";"false";"false";"true";"false";"true";"false";"false";"false";"false";"false";"false";"false";"false";"true";"false";"false";"false";"false";"false";"false";"false";"false";"false";"true";"false";"false";"false";"true";"false";"false";"false";"false";"false";"false";"false";"false";"false";"false";"false";"false";"false";"true";"false";"false";"false";"false";"false";"true";"false";"false";"false";"false";"false";"false";"false";"false"
"Slovenia";"false";"false";"false";"true";"false";"false";"true";"false";"true";"false";"false";"false";"false";"false";"false";"true";"true";"false";"false";"false";"false";"false";"false";"false";"false";"false";"false";"true";"false";"false";"true";"false";"false";"false";"false";"true";"false";"false";"false";"true";"false";"false";"false";"true";"true";"false";"false";"false";"false";"false";"false";"true";"false";"false";"false";"true";"false";"false";"false";"false"
"Solomon Islands";"false";"false";"false";"true";"false";"false";"true";"false";"false";"true";"false";"false";"false";"false";"false";"false";"false";"false";"false";"false";"false";"false";"false";"false";"true";"false";"false";"false";"false";"false";"false";"true";"false";"true";"false";"false";"false";"false";"false";"false";"true";"false";"false";"false";"true";"false";"false";"false";"true";"false";"false";"false";"false";"false";"false";"false";"false";"false";"true";"false"
"Somalia";"false";"false";"false";"true";"true";"false";"false";"false";"false";"false";"false";"true";"false";"false";"false";"false";"false";"false";"false";"true";"false";"false";"false";"false";"true";"false";"false";"false";"false";"false";"false";"false";"false";"false";"false";"false";"false";"false";"false";"false";"false";"false";"false";"false";"false";"false";"false";"false";"false";"false";"false";"true";"false";"false";"false";"false";"false";"false";"true";"false"
"South Africa";"false";"false";"false";"true";"false";"false";"false";"true";"false";"true";"false";"false";"false";"false";"false";"false";"false";"false";"true";"false";"false";"false";"false";"false";"false";"false";"false";"true";"false";"false";"false";"true";"false";"false";"false";"false";"false";"false";"true";"false";"false";"false";"false";"false";"true";"false";"false";"false";"false";"false";"true";"false";"false";"false";"false";"false";"true";"false";"false";"false"
"South Sudan";"false";"true";"false";"false";"false";"false";"false";"false";"false";"false";"false";"false";"true";"false";"false";"false";"false";"false";"false";"false";"false";"false";"false";"false";"false";"false";"false";"false";"false";"false";"false";"false";"false";"false";"false";"false";"true";"false";"false";"false";"true";"false";"false";"false";"false";"true";"false";"false";"false";"false";"false";"false";"false";"false";"false";"false";"false";"false";"true";"false"
"Spain";"false";"true";"false";"false";"false";"true";"false";"false";"true";"false";"false";"false";"false";"true";"false";"false";"true";"false";"false";"false";"false";"false";"false";"false";"false";"false";"false";"true";"false";"false";"true";"false";"false";"false";"true";"false";"false";"false";"false";"true";"false";"false";"true";"false";"false";"true";"false";"false";"false";"false";"true";"false";"false";"true";"false";"false";"false";"false";"false";"false"
"Sri Lanka";"false";"false";"false";"true";"true";"false";"false";"false";"false";"false";"false";"true";"false";"true";"false";"false";"false";"true";"false";"false";"true";"false";"false";"false";"false";"true";"false";"false";"false";"false";"true";"false";"false";"false";"false";"false";"false";"true";"false";"false";"false";"false";"true";"false";"false";"false";"false";"true";"false";"false";"true";"false";"false";"true";"false";"false";"false";"true";"false";"false"
"Sudan";"true";"false";"false";"false";"false";"false";"false";"false";"false";"false";"false";"true";"false";"false";"false";"false";"false";"false";"false";"false";"false";"false";"false";"false";"true";"false";"false";"false";"false";"false";"false";"false";"false";"false";"false";"false";"true";"false";"false";"false";"false";"false";"false";"false";"false";"false";"false";"true";"false";"false";"false";"false";"false";"false";"true";"false";"false";"false";"false";"true"
"Suriname";"false";"false";"false";"true";"false";"false";"true";"false";"false";"false";"true";"false";"false";"false";"false";"true";"false";"false";"true";"false";"false";"false";"false";"true";"false";"true";"false";"false";"false";"false";"false";"false";"false";"false";"false";"false";"false";"true";"false";"false";"false";"false";"false";"true";"false";"true";"false";"false";"false";"true";"false";"false";"false";"true";"false";"false";"false";"false";"true";"false"
"Sweden";"false";"false";"true";"false";"false";"true";"false";"false";"true";"false";"false";"false";"false";"false";"false";"true";"true";"false";"false";"false";"false";"false";"false";"false";"false";"false";"true";"false";"false";"false";"true";"false";"false";"false";"false";"true";"false";"false";"false";"true";"false";"false";"false";"false";"true";"false";"false";"false";"false";"false";"true";"false";"false";"false";"false";"false";"false";"false";"false";"false"
"Switzerland";"false";"false";"true";"false";"false";"true";"false";"false";"true";"false";"false";"false";"false";"false";"false";"true";"true";"false";"false";"false";"false";"false";"false";"false";"false";"false";"false";"true";"false";"false";"true";"false";"false";"false";"false";"false";"false";"false";"false";"true";"false";"false";"false";"true";"false";"true";"false";"false";"false";"true";"false";"false";"false";"false";"false";"false";"false";"false";"false";"false"
"Syrian Arab Republic";"true";"false";"false";"false";"false";"false";"false";"true";"false";"true";"false";"false";"false";"true";"false";"false";"false";"false";"false";"false";"false";"false";"false";"false";"true";"false";"false";"false";"false";"false";"false";"false";"false";"true";"false";"false";"false";"true";"false";"false";"false";"true";"false";"false";"false";"false";"false";"false";"false";"true";"false";"false";"false";"false";"true";"false";"false";"true";"false";"false"
"Tajikistan";"true";"false";"false";"false";"false";"true";"false";"false";"false";"true";"false";"false";"false";"true";"false";"false";"false";"false";"true";"false";"false";"false";"false";"false";"false";"true";"false";"false";"false";"false";"false";"false";"true";"false";"false";"false";"false";"true";"false";"false";"false";"false";"true";"false";"false";"false";"false";"true";"false";"true";"false";"false";"false";"false";"false";"false";"true";"false";"false";"false"
"Thailand";"false";"true";"false";"false";"false";"true";"false";"false";"false";"false";"true";"false";"false";"false";"true";"false";"false";"false";"true";"false";"false";"false";"true";"false";"false";"false";"true";"false";"false";"false";"true";"false";"false";"false";"true";"false";"false";"true";"false";"false";"false";"false";"true";"false";"true";"false";"false";"false";"false";"false";"true";"false";"false";"false";"true";"false";"false";"true";"false";"false"
"The former Yugoslav Republic of Macedonia";"false";"true";"false";"false";"false";"false";"true";"false";"true";"false";"false";"false";"false";"false";"false";"false";"false";"true";"false";"false";"false";"false";"false";"false";"false";"false";"true";"false";"false";"false";"false";"false";"false";"false";"false";"false";"false";"false";"false";"true";"false";"false";"false";"false";"false";"false";"true";"false";"false";"false";"false";"true";"false";"false";"false";"true";"true";"false";"false";"false"
"Timor-Leste";"true";"false";"false";"false";"true";"false";"false";"false";"false";"false";"false";"true";"false";"true";"false";"false";"false";"false";"true";"false";"false";"true";"false";"false";"true";"false";"false";"false";"false";"false";"false";"true";"false";"false";"false";"false";"true";"false";"false";"false";"true";"false";"false";"false";"true";"false";"false";"false";"false";"true";"false";"false";"false";"false";"false";"true";"false";"true";"false";"false"
"Togo";"false";"false";"false";"true";"true";"false";"false";"false";"false";"false";"false";"true";"true";"false";"false";"false";"false";"false";"false";"true";"false";"false";"false";"false";"false";"true";"false";"false";"true";"false";"false";"false";"false";"false";"false";"false";"true";"false";"false";"false";"false";"true";"false";"false";"false";"false";"false";"true";"false";"false";"true";"false";"true";"false";"false";"false";"false";"false";"true";"false"
"Tonga";"true";"false";"false";"false";"false";"false";"false";"true";"false";"true";"false";"false";"false";"false";"false";"true";"false";"true";"false";"false";"true";"false";"false";"false";"true";"false";"false";"false";"false";"false";"false";"true";"false";"false";"false";"false";"false";"false";"true";"false";"true";"false";"false";"false";"true";"false";"false";"false";"false";"true";"false";"false";"false";"false";"false";"false";"true";"false";"false";"false"
"Trinidad and Tobago";"false";"false";"true";"false";"false";"false";"false";"true";"false";"false";"false";"true";"false";"false";"false";"false";"false";"false";"false";"false";"false";"false";"false";"true";"false";"false";"true";"false";"false";"false";"false";"false";"false";"false";"false";"false";"false";"false";"false";"false";"false";"false";"true";"false";"false";"false";"true";"false";"false";"false";"false";"true";"false";"false";"false";"false";"false";"true";"false";"false"
"Tunisia";"true";"false";"false";"false";"false";"false";"true";"false";"false";"true";"false";"false";"true";"false";"false";"false";"true";"false";"false";"false";"false";"false";"false";"false";"true";"false";"false";"false";"false";"false";"true";"false";"false";"false";"true";"false";"false";"false";"false";"false";"false";"false";"true";"false";"false";"false";"true";"false";"false";"false";"true";"false";"false";"false";"false";"false";"true";"false";"false";"false"
"Turkey";"true";"false";"false";"false";"false";"false";"false";"true";"false";"true";"false";"false";"false";"false";"false";"true";"false";"true";"false";"false";"false";"false";"false";"false";"true";"false";"false";"false";"false";"false";"false";"true";"false";"false";"false";"false";"false";"false";"true";"false";"false";"false";"false";"false";"true";"false";"false";"false";"false";"true";"false";"false";"false";"false";"false";"true";"true";"false";"false";"false"
"Turkmenistan";"false";"true";"false";"false";"false";"false";"true";"false";"false";"true";"false";"false";"false";"false";"false";"false";"false";"true";"false";"false";"false";"false";"false";"false";"false";"true";"false";"false";"false";"false";"false";"false";"false";"false";"false";"false";"false";"false";"false";"false";"false";"false";"false";"false";"false";"false";"false";"true";"false";"true";"false";"false";"false";"false";"false";"false";"true";"false";"false";"false"
"Uganda";"false";"false";"true";"false";"true";"false";"false";"false";"false";"false";"false";"true";"false";"true";"false";"false";"false";"false";"false";"true";"false";"false";"false";"false";"false";"false";"false";"true";"true";"false";"false";"false";"false";"false";"false";"false";"true";"false";"false";"false";"true";"false";"false";"false";"false";"false";"true";"false";"false";"true";"false";"false";"true";"false";"false";"false";"false";"false";"false";"true"
"Ukraine";"false";"false";"false";"true";"false";"false";"true";"false";"true";"false";"false";"false";"false";"false";"false";"false";"false";"true";"false";"false";"false";"false";"false";"false";"false";"false";"true";"false";"false";"false";"true";"false";"false";"false";"false";"false";"false";"false";"false";"true";"false";"false";"false";"false";"false";"false";"false";"true";"false";"false";"false";"true";"false";"false";"false";"false";"true";"false";"false";"false"
"United Arab Emirates";"true";"false";"false";"false";"false";"false";"false";"true";"false";"false";"true";"false";"false";"true";"false";"false";"true";"false";"false";"false";"false";"false";"false";"false";"false";"true";"false";"false";"false";"false";"false";"true";"false";"false";"false";"false";"false";"false";"true";"false";"false";"true";"false";"false";"true";"false";"false";"false";"true";"false";"false";"false";"false";"true";"false";"false";"false";"false";"false";"false"
"United Kingdom of Great Britain and Northern Ireland";"false";"true";"false";"false";"false";"false";"false";"true";"true";"false";"false";"false";"false";"false";"false";"false";"false";"true";"false";"false";"false";"false";"false";"false";"false";"false";"false";"true";"false";"true";"false";"false";"false";"false";"false";"false";"false";"false";"false";"false";"false";"false";"false";"false";"true";"false";"false";"false";"false";"true";"false";"false";"false";"false";"false";"false";"false";"false";"false";"false"
"United Republic of Tanzania";"false";"true";"false";"false";"true";"false";"false";"false";"false";"false";"false";"true";"true";"false";"false";"false";"false";"false";"false";"true";"false";"false";"false";"false";"false";"false";"false";"true";"true";"false";"false";"false";"false";"true";"false";"false";"true";"false";"false";"false";"false";"true";"false";"false";"false";"true";"false";"false";"false";"true";"false";"false";"true";"false";"false";"false";"false";"false";"true";"false"
"United States of America";"false";"false";"false";"true";"false";"false";"false";"true";"true";"false";"false";"false";"false";"true";"false";"false";"false";"true";"false";"false";"false";"false";"false";"false";"false";"false";"false";"true";"false";"true";"false";"false";"false";"false";"false";"false";"false";"false";"false";"true";"false";"false";"true";"false";"true";"false";"false";"false";"true";"false";"false";"false";"false";"false";"false";"true";"false";"false";"false";"false"
"Uruguay";"false";"false";"false";"true";"false";"false";"false";"true";"false";"true";"false";"false";"false";"false";"false";"false";"false";"false";"true";"false";"false";"false";"false";"false";"false";"false";"true";"false";"false";"true";"false";"false";"false";"false";"false";"false";"false";"false";"false";"true";"false";"false";"false";"false";"true";"false";"false";"false";"false";"false";"true";"false";"false";"false";"false";"false";"true";"false";"false";"false"
"Uzbekistan";"false";"false";"true";"false";"false";"false";"true";"false";"false";"true";"false";"false";"false";"false";"true";"false";"false";"true";"false";"false";"false";"false";"false";"false";"false";"true";"false";"false";"true";"false";"false";"false";"false";"true";"false";"false";"false";"false";"true";"false";"false";"false";"false";"true";"false";"false";"false";"true";"false";"true";"false";"false";"false";"false";"false";"false";"true";"false";"false";"false"
"Vanuatu";"false";"false";"false";"true";"false";"true";"false";"false";"false";"false";"true";"false";"false";"false";"true";"false";"false";"false";"false";"false";"false";"true";"false";"false";"true";"false";"false";"false";"false";"false";"true";"false";"false";"false";"false";"false";"false";"true";"false";"false";"true";"false";"false";"false";"true";"false";"false";"false";"false";"true";"false";"false";"false";"true";"false";"false";"false";"true";"false";"false"
"Venezuela (Bolivarian Republic of)";"true";"false";"false";"false";"false";"false";"true";"false";"false";"false";"false";"true";"false";"false";"false";"false";"false";"false";"false";"false";"false";"false";"false";"false";"false";"true";"false";"false";"false";"false";"false";"false";"false";"false";"false";"false";"false";"false";"false";"false";"false";"false";"false";"false";"false";"true";"false";"false";"true";"false";"false";"false";"false";"false";"false";"false";"false";"false";"false";"false"
"Viet Nam";"false";"true";"false";"false";"true";"false";"false";"false";"false";"true";"false";"false";"false";"false";"false";"false";"false";"false";"false";"false";"false";"false";"false";"false";"false";"false";"true";"false";"false";"false";"false";"false";"false";"false";"false";"false";"false";"false";"false";"false";"false";"false";"false";"false";"false";"false";"true";"false";"false";"false";"true";"false";"false";"false";"false";"false";"true";"false";"false";"false"
"Yemen";"false";"true";"false";"false";"true";"false";"false";"false";"false";"false";"false";"true";"true";"false";"false";"false";"false";"false";"false";"false";"false";"false";"false";"false";"true";"false";"false";"false";"false";"true";"false";"false";"false";"false";"false";"false";"true";"false";"false";"false";"false";"false";"false";"false";"false";"false";"false";"true";"false";"false";"true";"false";"true";"false";"false";"false";"false";"false";"true";"false"
"Zambia";"false";"false";"false";"true";"true";"false";"false";"false";"false";"false";"false";"true";"false";"true";"false";"false";"false";"false";"false";"true";"false";"false";"false";"false";"false";"false";"true";"false";"true";"false";"false";"false";"false";"false";"false";"false";"true";"false";"false";"false";"false";"false";"true";"false";"true";"false";"false";"false";"true";"false";"false";"false";"true";"false";"false";"false";"false";"false";"true";"false"
"Zimbabwe";"false";"false";"false";"true";"true";"false";"false";"false";"false";"false";"true";"false";"false";"true";"false";"false";"false";"false";"false";"true";"false";"false";"false";"false";"false";"true";"false";"false";"true";"false";"false";"false";"true";"false";"false";"false";"true";"false";"false";"false";"false";"true";"false";"false";"false";"true";"false";"false";"false";"true";"false";"false";"false";"false";"true";"false";"false";"true";"false";"false"
